{
	"subscriberId":98,
	"matterId":6002,
	"caseID":9642,
	"runID":1,
	"histogramID":1,
	"name":"Histogram_1",
	"type":"responsive",
	"bargraph":{
		"bars":[{"startingIndex":0,"endingIndex":13,"lowThreshold":0,"highThreshold":500,"docCount":113},{"startingIndex":14,"endingIndex":22,"lowThreshold":500,"highThreshold":1000,"docCount":19},{"startingIndex":23,"endingIndex":34,"lowThreshold":1000,"highThreshold":1500,"docCount":111},{"startingIndex":35,"endingIndex":73,"lowThreshold":1500,"highThreshold":2000,"docCount":137},{"startingIndex":74,"endingIndex":150,"lowThreshold":2000,"highThreshold":2500,"docCount":170},{"startingIndex":151,"endingIndex":152,"lowThreshold":2500,"highThreshold":3000,"docCount":12},{"startingIndex":153,"endingIndex":153,"lowThreshold":3000,"highThreshold":3500,"docCount":11},{"startingIndex":154,"endingIndex":154,"lowThreshold":3500,"highThreshold":4000,"docCount":11},{"startingIndex":155,"endingIndex":155,"lowThreshold":4000,"highThreshold":4500,"docCount":10},{"startingIndex":155,"endingIndex":156,"lowThreshold":4500,"highThreshold":5000,"docCount":12},{"startingIndex":157,"endingIndex":159,"lowThreshold":5000,"highThreshold":5500,"docCount":13},{"startingIndex":160,"endingIndex":160,"lowThreshold":5500,"highThreshold":6000,"docCount":10},{"startingIndex":160,"endingIndex":160,"lowThreshold":6000,"highThreshold":6500,"docCount":20},{"startingIndex":160,"endingIndex":160,"lowThreshold":6500,"highThreshold":7000,"docCount":30},{"startingIndex":160,"endingIndex":160,"lowThreshold":7000,"highThreshold":7500,"docCount":40},{"startingIndex":160,"endingIndex":160,"lowThreshold":7500,"highThreshold":8000,"docCount":10},{"startingIndex":160,"endingIndex":176,"lowThreshold":8000,"highThreshold":8500,"docCount":115},{"startingIndex":177,"endingIndex":177,"lowThreshold":8500,"highThreshold":9000,"docCount":10},{"startingIndex":177,"endingIndex":177,"lowThreshold":9000,"highThreshold":9500,"docCount":11},{"startingIndex":178,"endingIndex":568,"lowThreshold":9500,"highThreshold":10000,"docCount":72}],
		"barThresholds":[0,500,1000,1500,2000,2500,3000,3500,4000,4500,5000,5500,6000,6500,7000,7500,8000,8500,9000,9500,10000]
	},
	"bucketThresholds":[0,2000,4000,6000,8000,10000],
	"buckets":[{"subscriberId":98,"caseId":9642,"matterId":6002,"bucketID":1827,"bucketColor":"#8AB088","bucketName":"Highly Responsive","startingIndex":0,"endingIndex":73,"lowThreshold":0,"highThreshold":2000,"docCount":380},{"subscriberId":98,"caseId":9642,"matterId":6002,"bucketID":1828,"bucketColor":"#A3C3A5","bucketName":"Likely Responsive","startingIndex":74,"endingIndex":154,"lowThreshold":2000,"highThreshold":4000,"docCount":201},{"subscriberId":98,"caseId":9642,"matterId":6002,"bucketID":1829,"bucketColor":"#FAF994","bucketName":"Neutral","startingIndex":155,"endingIndex":159,"lowThreshold":4000,"highThreshold":6000,"docCount":45},{"subscriberId":98,"caseId":9642,"matterId":6002,"bucketID":1830,"bucketColor":"#FAC294","bucketName":"Likely Nonresponsive","startingIndex":160,"endingIndex":160,"lowThreshold":6000,"highThreshold":8000,"docCount":100},{"subscriberId":98,"caseId":9642,"matterId":6002,"bucketID":1831,"bucketColor":"#CF816F","bucketName":"Highly Nonresponsive","startingIndex":160,"endingIndex":568,"lowThreshold":8000,"highThreshold":10000,"docCount":201}]
}